Title,Price,Rating,Colors,Size,Gender,Timestamp
T-shirt 2,1634400.0,3.9,3,M,Women,2025-05-16 11:51:00.519552
Hoodie 3,7950080.0,4.8,3,L,Unisex,2025-05-16 11:51:00.520060
Pants 4,7476960.0,3.3,3,XL,Men,2025-05-16 11:51:00.520518
Outerwear 5,5145440.0,3.5,3,XXL,Women,2025-05-16 11:51:00.521044
Jacket 6,2453920.0,3.3,3,S,Unisex,2025-05-16 11:51:00.521514
Crewneck 7,6892000.0,4.3,3,M,Men,2025-05-16 11:51:00.522003
T-shirt 8,7802560.0,3.1,3,L,Women,2025-05-16 11:51:00.522459
Hoodie 9,3972160.0,3.2,3,XL,Unisex,2025-05-16 11:51:00.522890
Pants 10,3100160.0,4.2,3,XXL,Men,2025-05-16 11:51:00.523321
Jacket 12,8527840.0,3.9,3,M,Unisex,2025-05-16 11:51:00.524321
Crewneck 13,5447200.0,3.2,3,L,Men,2025-05-16 11:51:00.524827
T-shirt 14,3248800.0,3.8,3,XL,Women,2025-05-16 11:51:00.525273
Hoodie 15,2184160.0,3.6,3,XXL,Unisex,2025-05-16 11:51:00.525737
Outerwear 17,841600.0,3.8,3,M,Women,2025-05-16 11:51:00.526648
Jacket 18,5500000.0,3.8,3,L,Unisex,2025-05-16 11:51:00.527084
Crewneck 19,1308960.0,3.6,3,XL,Men,2025-05-16 11:51:00.527516
T-shirt 20,1325600.0,3.4,3,XXL,Women,2025-05-16 11:51:00.528002
Pants 22,4319680.0,4.9,3,M,Men,2025-05-16 11:51:01.752360
Outerwear 23,4655840.0,3.7,3,L,Women,2025-05-16 11:51:01.752836
Jacket 24,8223520.0,3.9,3,XL,Unisex,2025-05-16 11:51:01.753298
Crewneck 25,8322559.999999999,3.3,3,XXL,Men,2025-05-16 11:51:01.753782
T-shirt 26,7292320.0,4.6,3,S,Women,2025-05-16 11:51:01.754228
Hoodie 27,3551840.0,4.8,3,M,Unisex,2025-05-16 11:51:01.754706
Pants 28,5216160.0,4.0,3,L,Men,2025-05-16 11:51:01.755149
Outerwear 29,861600.0,3.1,3,XL,Women,2025-05-16 11:51:01.755621
Jacket 30,8610240.0,3.7,3,XXL,Unisex,2025-05-16 11:51:01.756064
T-shirt 32,6657920.0,3.4,3,M,Women,2025-05-16 11:51:01.756989
Hoodie 33,7248160.0,3.5,3,L,Unisex,2025-05-16 11:51:01.757563
Pants 34,8362719.999999999,3.8,3,XL,Men,2025-05-16 11:51:01.758066
Outerwear 35,1356160.0,3.8,3,XXL,Women,2025-05-16 11:51:01.758693
Jacket 36,7249280.0,3.7,3,S,Unisex,2025-05-16 11:51:01.759454
Crewneck 37,6006080.0,4.0,3,M,Men,2025-05-16 11:51:01.759902
T-shirt 38,4866080.0,3.2,3,L,Women,2025-05-16 11:51:01.760386
Hoodie 39,6431200.0,4.6,3,XL,Unisex,2025-05-16 11:51:01.760836
Pants 40,5853600.0,3.1,3,XXL,Men,2025-05-16 11:51:01.761411
Jacket 42,6744160.0,3.7,3,M,Unisex,2025-05-16 11:51:02.908647
Crewneck 43,2909600.0,4.5,3,L,Men,2025-05-16 11:51:02.909123
T-shirt 44,3312320.0,3.0,3,XL,Women,2025-05-16 11:51:02.909640
Hoodie 45,8693120.0,4.5,3,XXL,Unisex,2025-05-16 11:51:02.910201
Outerwear 47,6364640.0,3.2,3,M,Women,2025-05-16 11:51:02.911241
Jacket 48,4994720.0,3.4,3,L,Unisex,2025-05-16 11:51:02.912021
Crewneck 49,1071200.0,4.0,3,XL,Men,2025-05-16 11:51:02.912537
T-shirt 50,5932960.0,3.1,3,XXL,Women,2025-05-16 11:51:02.913039
Pants 52,1596480.0,4.0,3,M,Men,2025-05-16 11:51:02.913944
Outerwear 53,4470880.0,4.3,3,L,Women,2025-05-16 11:51:02.914444
Jacket 54,854560.0,4.2,3,XL,Unisex,2025-05-16 11:51:02.914952
Crewneck 55,1793760.0,3.6,3,XXL,Men,2025-05-16 11:51:02.915400
T-shirt 56,4643040.0,3.8,3,S,Women,2025-05-16 11:51:02.915840
Hoodie 57,3155360.0,4.9,3,M,Unisex,2025-05-16 11:51:02.916360
Pants 58,1637760.0,4.4,3,L,Men,2025-05-16 11:51:02.916826
Outerwear 59,2254240.0,4.6,3,XL,Women,2025-05-16 11:51:02.917262
Jacket 60,3375520.0,4.2,3,XXL,Unisex,2025-05-16 11:51:02.917707
T-shirt 62,1376480.0,3.8,3,M,Women,2025-05-16 11:51:04.054856
Hoodie 63,6479200.0,3.6,3,L,Unisex,2025-05-16 11:51:04.055305
Pants 64,7728480.0,4.0,3,XL,Men,2025-05-16 11:51:04.055735
Outerwear 65,2385920.0,4.1,3,XXL,Women,2025-05-16 11:51:04.056171
Jacket 66,4353120.0,3.5,3,S,Unisex,2025-05-16 11:51:04.056691
Crewneck 67,8470720.0,3.5,3,M,Men,2025-05-16 11:51:04.057140
T-shirt 68,8025280.0,4.0,3,L,Women,2025-05-16 11:51:04.057570
Hoodie 69,1027839.9999999999,3.6,3,XL,Unisex,2025-05-16 11:51:04.058008
Pants 70,1171360.0,4.4,3,XXL,Men,2025-05-16 11:51:04.058483
Jacket 72,3776000.0,4.4,3,M,Unisex,2025-05-16 11:51:04.059480
Crewneck 73,2460320.0,3.0,3,L,Men,2025-05-16 11:51:04.059913
T-shirt 74,7704800.0,3.8,3,XL,Women,2025-05-16 11:51:04.060382
Hoodie 75,2101760.0,4.3,3,XXL,Unisex,2025-05-16 11:51:04.060836
Outerwear 77,861760.0,3.7,3,M,Women,2025-05-16 11:51:04.061714
Jacket 78,2716480.0,4.3,3,L,Unisex,2025-05-16 11:51:04.062152
Crewneck 79,3309600.0,4.6,3,XL,Men,2025-05-16 11:51:04.062631
T-shirt 80,4178399.9999999995,4.5,3,XXL,Women,2025-05-16 11:51:04.063153
Pants 82,8315520.0,4.8,3,M,Men,2025-05-16 11:51:05.247872
Outerwear 83,3947840.0,3.7,3,L,Women,2025-05-16 11:51:05.248310
Jacket 84,2826080.0,4.8,3,XL,Unisex,2025-05-16 11:51:05.248864
Crewneck 85,4564160.0,3.5,3,XXL,Men,2025-05-16 11:51:05.249393
T-shirt 86,1670880.0,3.9,3,S,Women,2025-05-16 11:51:05.249900
Hoodie 87,7870240.0,4.3,3,M,Unisex,2025-05-16 11:51:05.250341
Pants 88,7590400.0,3.1,3,L,Men,2025-05-16 11:51:05.250784
Outerwear 89,4856320.0,3.0,3,XL,Women,2025-05-16 11:51:05.251224
Jacket 90,7160000.0,4.0,3,XXL,Unisex,2025-05-16 11:51:05.251724
T-shirt 92,5012320.0,3.5,3,M,Women,2025-05-16 11:51:05.252720
Hoodie 93,1365280.0,3.6,3,L,Unisex,2025-05-16 11:51:05.253316
Pants 94,1074880.0,4.3,3,XL,Men,2025-05-16 11:51:05.253790
Outerwear 95,6062240.0,3.5,3,XXL,Women,2025-05-16 11:51:05.254238
Jacket 96,4598240.0,4.9,3,S,Unisex,2025-05-16 11:51:05.254680
Crewneck 97,6113120.0,3.9,3,M,Men,2025-05-16 11:51:05.255119
T-shirt 98,8596960.0,3.1,3,L,Women,2025-05-16 11:51:05.255670
Hoodie 99,5028000.0,3.6,3,XL,Unisex,2025-05-16 11:51:05.256139
Pants 100,2217280.0,4.6,3,XXL,Men,2025-05-16 11:51:05.256589
Jacket 102,3840640.0,3.3,3,M,Unisex,2025-05-16 11:51:06.468070
Crewneck 103,2331680.0,3.5,3,L,Men,2025-05-16 11:51:06.468505
T-shirt 104,2374400.0,3.8,3,XL,Women,2025-05-16 11:51:06.468997
Hoodie 105,5019840.0,4.2,3,XXL,Unisex,2025-05-16 11:51:06.469486
Outerwear 107,6625120.0,4.0,3,M,Women,2025-05-16 11:51:06.470412
Jacket 108,5551680.0,4.8,3,L,Unisex,2025-05-16 11:51:06.470894
Crewneck 109,5886880.0,3.3,3,XL,Men,2025-05-16 11:51:06.471335
T-shirt 110,7197120.0,4.6,3,XXL,Women,2025-05-16 11:51:06.471942
Pants 112,4261920.0,3.3,3,M,Men,2025-05-16 11:51:06.472819
Outerwear 113,4472000.0,3.7,3,L,Women,2025-05-16 11:51:06.473324
Jacket 114,5386560.0,4.9,3,XL,Unisex,2025-05-16 11:51:06.473789
Crewneck 115,1933280.0,4.5,3,XXL,Men,2025-05-16 11:51:06.474220
T-shirt 116,3474560.0,3.0,3,S,Women,2025-05-16 11:51:06.474647
Hoodie 117,3376320.0,5.0,3,M,Unisex,2025-05-16 11:51:06.475116
Pants 118,5585440.0,3.2,3,L,Men,2025-05-16 11:51:06.475577
Outerwear 119,3561760.0,3.4,3,XL,Women,2025-05-16 11:51:06.476017
Jacket 120,7480320.0,4.0,3,XXL,Unisex,2025-05-16 11:51:06.476450
T-shirt 122,1961920.0,3.6,3,M,Women,2025-05-16 11:51:07.618882
Hoodie 123,4498080.0,3.8,3,L,Unisex,2025-05-16 11:51:07.619380
Pants 124,7023520.0,3.2,3,XL,Men,2025-05-16 11:51:07.619859
Outerwear 125,6998240.0,4.2,3,XXL,Women,2025-05-16 11:51:07.620331
Jacket 126,4426080.0,3.9,3,S,Unisex,2025-05-16 11:51:07.620766
Crewneck 127,8311680.0,4.0,3,M,Men,2025-05-16 11:51:07.621194
T-shirt 128,4466720.0,3.8,3,L,Women,2025-05-16 11:51:07.621631
Hoodie 129,2532480.0,4.5,3,XL,Unisex,2025-05-16 11:51:07.622118
Pants 130,6603520.0,4.8,3,XXL,Men,2025-05-16 11:51:07.622598
Jacket 132,6474880.0,4.2,3,M,Unisex,2025-05-16 11:51:07.623476
Crewneck 133,2016320.0,4.7,3,L,Men,2025-05-16 11:51:07.623958
T-shirt 134,5937440.0,3.2,3,XL,Women,2025-05-16 11:51:07.624786
Hoodie 135,5141440.0,4.7,3,XXL,Unisex,2025-05-16 11:51:07.625506
Outerwear 137,6988320.0,4.5,3,M,Women,2025-05-16 11:51:07.626729
Jacket 138,4635520.0,3.4,3,L,Unisex,2025-05-16 11:51:07.627174
Crewneck 139,8053120.0,4.5,3,XL,Men,2025-05-16 11:51:07.627605
T-shirt 140,6811040.0,3.5,3,XXL,Women,2025-05-16 11:51:07.628084
Pants 142,2325280.0,4.9,3,M,Men,2025-05-16 11:51:08.779710
Outerwear 143,3346560.0,4.9,3,L,Women,2025-05-16 11:51:08.780271
Jacket 144,5758240.0,4.3,3,XL,Unisex,2025-05-16 11:51:08.780738
Crewneck 145,3472800.0,4.8,3,XXL,Men,2025-05-16 11:51:08.781177
T-shirt 146,7688640.0,4.3,3,S,Women,2025-05-16 11:51:08.781612
Hoodie 147,3052800.0,5.0,3,M,Unisex,2025-05-16 11:51:08.782086
Pants 148,6033440.0,4.7,3,L,Men,2025-05-16 11:51:08.782540
Outerwear 149,3105920.0,3.2,3,XL,Women,2025-05-16 11:51:08.782975
Jacket 150,1500640.0,3.6,3,XXL,Unisex,2025-05-16 11:51:08.783415
T-shirt 152,6288640.0,4.2,3,M,Women,2025-05-16 11:51:08.784345
Hoodie 153,2660640.0,4.3,3,L,Unisex,2025-05-16 11:51:08.784798
Pants 154,2337440.0,3.0,3,XL,Men,2025-05-16 11:51:08.785240
Outerwear 155,3783200.0,4.1,3,XXL,Women,2025-05-16 11:51:08.785673
Jacket 156,6645120.0,3.6,3,S,Unisex,2025-05-16 11:51:08.786156
Crewneck 157,1105760.0,4.0,3,M,Men,2025-05-16 11:51:08.786641
T-shirt 158,7321120.0,4.0,3,L,Women,2025-05-16 11:51:08.787099
Hoodie 159,2371680.0,4.9,3,XL,Unisex,2025-05-16 11:51:08.787541
Pants 160,2802880.0,3.4,3,XXL,Men,2025-05-16 11:51:08.788026
Jacket 162,1543840.0,4.5,3,M,Unisex,2025-05-16 11:51:09.880988
Crewneck 163,7861920.0,4.4,3,L,Men,2025-05-16 11:51:09.881467
T-shirt 164,3512000.0,3.9,3,XL,Women,2025-05-16 11:51:09.881970
Hoodie 165,6921280.0,4.9,3,XXL,Unisex,2025-05-16 11:51:09.882432
Outerwear 167,3273760.0,3.1,3,M,Women,2025-05-16 11:51:09.883395
Jacket 168,870400.0,4.4,3,L,Unisex,2025-05-16 11:51:09.883843
Crewneck 169,8032800.0,4.7,3,XL,Men,2025-05-16 11:51:09.884283
T-shirt 170,6677920.0,4.5,3,XXL,Women,2025-05-16 11:51:09.884719
Pants 172,1566080.0,4.9,3,M,Men,2025-05-16 11:51:09.885664
Outerwear 173,7034560.0,4.6,3,L,Women,2025-05-16 11:51:09.886106
Jacket 174,6282240.0,3.3,3,XL,Unisex,2025-05-16 11:51:09.886585
Crewneck 175,8125120.0,4.5,3,XXL,Men,2025-05-16 11:51:09.887070
T-shirt 176,6104320.0,3.6,3,S,Women,2025-05-16 11:51:09.887581
Hoodie 177,1890400.0,4.6,3,M,Unisex,2025-05-16 11:51:09.888040
Pants 178,6184160.0,3.0,3,L,Men,2025-05-16 11:51:09.888485
Outerwear 179,5816640.0,3.5,3,XL,Women,2025-05-16 11:51:09.888984
Jacket 180,5552640.0,3.9,3,XXL,Unisex,2025-05-16 11:51:09.889504
T-shirt 182,2334880.0,3.8,3,M,Women,2025-05-16 11:51:11.035310
Hoodie 183,3904640.0,3.6,3,L,Unisex,2025-05-16 11:51:11.035746
Pants 184,7759520.0,4.5,3,XL,Men,2025-05-16 11:51:11.036218
Outerwear 185,7822880.0,3.2,3,XXL,Women,2025-05-16 11:51:11.036728
Jacket 186,6940480.0,4.2,3,S,Unisex,2025-05-16 11:51:11.037178
Crewneck 187,6663520.0,3.8,3,M,Men,2025-05-16 11:51:11.037612
T-shirt 188,3927840.0,4.4,3,L,Women,2025-05-16 11:51:11.038058
Hoodie 189,1946720.0,4.0,3,XL,Unisex,2025-05-16 11:51:11.038535
Pants 190,2220960.0,4.5,3,XXL,Men,2025-05-16 11:51:11.038988
Jacket 192,5066240.0,3.8,3,M,Unisex,2025-05-16 11:51:11.039871
Crewneck 193,7355680.0,4.1,3,L,Men,2025-05-16 11:51:11.040352
T-shirt 194,2818720.0,4.9,3,XL,Women,2025-05-16 11:51:11.040838
Hoodie 195,7208960.0,4.9,3,XXL,Unisex,2025-05-16 11:51:11.041281
Outerwear 197,5681600.0,4.9,3,M,Women,2025-05-16 11:51:11.042209
Jacket 198,5435040.0,4.5,3,L,Unisex,2025-05-16 11:51:11.042658
Crewneck 199,6744320.0,3.1,3,XL,Men,2025-05-16 11:51:11.043086
T-shirt 200,6289920.0,3.5,3,XXL,Women,2025-05-16 11:51:11.043517
Pants 202,5592480.0,3.3,3,M,Men,2025-05-16 11:51:12.248046
Outerwear 203,2144000.0,3.4,3,L,Women,2025-05-16 11:51:12.248515
Jacket 204,6031040.0,3.9,3,XL,Unisex,2025-05-16 11:51:12.248953
Crewneck 205,6434880.0,3.2,3,XXL,Men,2025-05-16 11:51:12.249973
T-shirt 206,4674720.0,4.5,3,S,Women,2025-05-16 11:51:12.250440
Hoodie 207,6101440.0,3.5,3,M,Unisex,2025-05-16 11:51:12.250931
Pants 208,4637600.0,3.1,3,L,Men,2025-05-16 11:51:12.251380
Outerwear 209,7980640.0,4.3,3,XL,Women,2025-05-16 11:51:12.251820
Jacket 210,7827360.0,4.7,3,XXL,Unisex,2025-05-16 11:51:12.252254
T-shirt 212,8794880.0,4.7,3,M,Women,2025-05-16 11:51:12.253235
Hoodie 213,5748000.0,3.6,3,L,Unisex,2025-05-16 11:51:12.253700
Pants 214,4315680.0,4.9,3,XL,Men,2025-05-16 11:51:12.254152
Outerwear 215,1449600.0,3.8,3,XXL,Women,2025-05-16 11:51:12.254637
Jacket 216,4576480.0,4.6,3,S,Unisex,2025-05-16 11:51:12.255105
Crewneck 217,5772960.0,4.8,3,M,Men,2025-05-16 11:51:12.255597
T-shirt 218,5600320.0,3.1,3,L,Women,2025-05-16 11:51:12.256050
Hoodie 219,5671040.0,4.6,3,XL,Unisex,2025-05-16 11:51:12.256539
Pants 220,3357600.0,3.2,3,XXL,Men,2025-05-16 11:51:12.257010
Jacket 222,7438080.0,3.4,3,M,Unisex,2025-05-16 11:51:13.390645
Crewneck 223,952960.0,4.8,3,L,Men,2025-05-16 11:51:13.391078
T-shirt 224,3534560.0,4.5,3,XL,Women,2025-05-16 11:51:13.391510
Hoodie 225,5232800.0,3.5,3,XXL,Unisex,2025-05-16 11:51:13.391983
Outerwear 227,6742560.0,4.8,3,M,Women,2025-05-16 11:51:13.392885
Jacket 228,8076800.0,4.5,3,L,Unisex,2025-05-16 11:51:13.393317
Crewneck 229,3101920.0,4.9,3,XL,Men,2025-05-16 11:51:13.393793
T-shirt 230,7133280.0,4.5,3,XXL,Women,2025-05-16 11:51:13.394254
Pants 232,8327360.000000001,4.0,3,M,Men,2025-05-16 11:51:13.395115
Outerwear 233,847360.0,4.8,3,L,Women,2025-05-16 11:51:13.395542
Jacket 234,1159200.0,4.5,3,XL,Unisex,2025-05-16 11:51:13.396046
Crewneck 235,6560320.0,3.4,3,XXL,Men,2025-05-16 11:51:13.396488
T-shirt 236,5492320.0,3.9,3,S,Women,2025-05-16 11:51:13.396922
Hoodie 237,4743520.0,3.1,3,M,Unisex,2025-05-16 11:51:13.397413
Pants 238,8301920.0,3.8,3,L,Men,2025-05-16 11:51:13.397905
Outerwear 239,7934080.0,3.1,3,XL,Women,2025-05-16 11:51:13.398404
Jacket 240,7600000.0,3.8,3,XXL,Unisex,2025-05-16 11:51:13.398853
T-shirt 242,4833600.0,3.4,3,M,Women,2025-05-16 11:51:14.543293
Hoodie 243,3371680.0,3.1,3,L,Unisex,2025-05-16 11:51:14.543767
Pants 244,8116160.0,3.1,3,XL,Men,2025-05-16 11:51:14.544232
Outerwear 245,1451680.0,4.0,3,XXL,Women,2025-05-16 11:51:14.544725
Jacket 246,8735040.0,3.1,3,S,Unisex,2025-05-16 11:51:14.545168
Crewneck 247,8769120.0,3.0,3,M,Men,2025-05-16 11:51:14.545634
T-shirt 248,2280000.0,4.5,3,L,Women,2025-05-16 11:51:14.546104
Hoodie 249,2149440.0,4.2,3,XL,Unisex,2025-05-16 11:51:14.546543
Pants 250,4314240.0,3.1,3,XXL,Men,2025-05-16 11:51:14.546975
Jacket 252,8408480.0,3.2,3,M,Unisex,2025-05-16 11:51:14.547889
Crewneck 253,1854720.0,3.9,3,L,Men,2025-05-16 11:51:14.548330
T-shirt 254,5984160.0,3.9,3,XL,Women,2025-05-16 11:51:14.548771
Hoodie 255,3668000.0,4.1,3,XXL,Unisex,2025-05-16 11:51:14.549215
Outerwear 257,7073120.0,5.0,3,M,Women,2025-05-16 11:51:14.550176
Jacket 258,2080639.9999999998,4.7,3,L,Unisex,2025-05-16 11:51:14.550617
Crewneck 259,2275520.0,3.3,3,XL,Men,2025-05-16 11:51:14.551633
T-shirt 260,6271520.0,3.5,3,XXL,Women,2025-05-16 11:51:14.552424
Pants 262,1097760.0,3.4,3,M,Men,2025-05-16 11:51:17.275033
Outerwear 263,1878400.0,4.2,3,L,Women,2025-05-16 11:51:17.275528
Jacket 264,2063040.0,4.8,3,XL,Unisex,2025-05-16 11:51:17.275982
Crewneck 265,2483040.0,3.5,3,XXL,Men,2025-05-16 11:51:17.276455
T-shirt 266,4842080.0,4.6,3,S,Women,2025-05-16 11:51:17.277091
Hoodie 267,4086240.0,4.3,3,M,Unisex,2025-05-16 11:51:17.277590
Pants 268,5005120.0,3.6,3,L,Men,2025-05-16 11:51:17.278041
Outerwear 269,8073920.0,3.1,3,XL,Women,2025-05-16 11:51:17.278531
Jacket 270,2569120.0,4.2,3,XXL,Unisex,2025-05-16 11:51:17.279031
T-shirt 272,5811840.0,3.3,3,M,Women,2025-05-16 11:51:17.280137
Hoodie 273,5291360.0,4.9,3,L,Unisex,2025-05-16 11:51:17.280695
Pants 274,3669280.0,4.2,3,XL,Men,2025-05-16 11:51:17.281159
Outerwear 275,5575360.0,4.8,3,XXL,Women,2025-05-16 11:51:17.281599
Jacket 276,1013600.0,4.3,3,S,Unisex,2025-05-16 11:51:17.282039
Crewneck 277,2383680.0,4.7,3,M,Men,2025-05-16 11:51:17.282519
T-shirt 278,2087360.0000000002,3.8,3,L,Women,2025-05-16 11:51:17.282984
Hoodie 279,5592320.0,4.7,3,XL,Unisex,2025-05-16 11:51:17.283438
Pants 280,7501440.0,3.9,3,XXL,Men,2025-05-16 11:51:17.283880
Jacket 282,2227040.0,3.0,3,M,Unisex,2025-05-16 11:51:18.506064
Crewneck 283,6633120.0,3.2,3,L,Men,2025-05-16 11:51:18.506644
T-shirt 284,6568000.0,3.6,3,XL,Women,2025-05-16 11:51:18.507109
Hoodie 285,3009120.0,3.2,3,XXL,Unisex,2025-05-16 11:51:18.507576
Outerwear 287,5273600.0,3.7,3,M,Women,2025-05-16 11:51:18.508526
Jacket 288,3123040.0,4.1,3,L,Unisex,2025-05-16 11:51:18.508977
Crewneck 289,888000.0,4.0,3,XL,Men,2025-05-16 11:51:18.509418
T-shirt 290,6425120.0,4.2,3,XXL,Women,2025-05-16 11:51:18.509853
Pants 292,2384480.0,3.9,3,M,Men,2025-05-16 11:51:18.510778
Outerwear 293,1176160.0,4.5,3,L,Women,2025-05-16 11:51:18.511213
Jacket 294,5947200.0,3.8,3,XL,Unisex,2025-05-16 11:51:18.511649
Crewneck 295,7266720.0,4.9,3,XXL,Men,2025-05-16 11:51:18.512108
T-shirt 296,1172160.0,3.1,3,S,Women,2025-05-16 11:51:18.512579
Hoodie 297,7801120.0,3.6,3,M,Unisex,2025-05-16 11:51:18.513023
Pants 298,2426080.0,4.8,3,L,Men,2025-05-16 11:51:18.513725
Outerwear 299,1947840.0,4.3,3,XL,Women,2025-05-16 11:51:18.514535
Jacket 300,6408480.0,4.0,3,XXL,Unisex,2025-05-16 11:51:18.515111
T-shirt 302,5711200.0,3.2,3,M,Women,2025-05-16 11:51:19.697278
Hoodie 303,7974560.0,4.1,3,L,Unisex,2025-05-16 11:51:19.697749
Pants 304,7129760.0,3.4,3,XL,Men,2025-05-16 11:51:19.698256
Outerwear 305,6325440.0,4.5,3,XXL,Women,2025-05-16 11:51:19.698761
Jacket 306,7575040.0,4.2,3,S,Unisex,2025-05-16 11:51:19.699245
Crewneck 307,7735200.0,3.7,3,M,Men,2025-05-16 11:51:19.699703
T-shirt 308,4086080.0,4.1,3,L,Women,2025-05-16 11:51:19.700153
Hoodie 309,3953120.0,4.8,3,XL,Unisex,2025-05-16 11:51:19.700807
Pants 310,6329280.0,4.7,3,XXL,Men,2025-05-16 11:51:19.701348
Jacket 312,7267040.0,3.8,3,M,Unisex,2025-05-16 11:51:19.702339
Crewneck 313,1948320.0,3.1,3,L,Men,2025-05-16 11:51:19.702859
T-shirt 314,6017120.0,3.2,3,XL,Women,2025-05-16 11:51:19.703342
Hoodie 315,7022880.0,3.1,3,XXL,Unisex,2025-05-16 11:51:19.703794
Outerwear 317,5259040.0,3.3,3,M,Women,2025-05-16 11:51:19.704790
Jacket 318,5667200.0,3.7,3,L,Unisex,2025-05-16 11:51:19.705306
Crewneck 319,3085920.0,3.3,3,XL,Men,2025-05-16 11:51:19.705793
T-shirt 320,829440.0,3.3,3,XXL,Women,2025-05-16 11:51:19.706320
Pants 322,7810400.0,3.2,3,M,Men,2025-05-16 11:51:20.893596
Outerwear 323,8468000.0,3.1,3,L,Women,2025-05-16 11:51:20.894033
Jacket 324,6082720.0,3.3,3,XL,Unisex,2025-05-16 11:51:20.894467
Crewneck 325,3001760.0,3.4,3,XXL,Men,2025-05-16 11:51:20.895005
T-shirt 326,4519360.0,4.9,3,S,Women,2025-05-16 11:51:20.895461
Hoodie 327,6641440.0,4.4,3,M,Unisex,2025-05-16 11:51:20.895902
Pants 328,5732960.0,4.5,3,L,Men,2025-05-16 11:51:20.896373
Outerwear 329,6724160.0,4.7,3,XL,Women,2025-05-16 11:51:20.896986
Jacket 330,1591200.0,4.3,3,XXL,Unisex,2025-05-16 11:51:20.897701
T-shirt 332,2335680.0,3.4,3,M,Women,2025-05-16 11:51:20.898742
Hoodie 333,1746080.0,4.8,3,L,Unisex,2025-05-16 11:51:20.899187
Pants 334,2409440.0,3.8,3,XL,Men,2025-05-16 11:51:20.899729
Outerwear 335,2826720.0,3.0,3,XXL,Women,2025-05-16 11:51:20.900261
Jacket 336,6237760.0,5.0,3,S,Unisex,2025-05-16 11:51:20.900738
Crewneck 337,8608800.0,4.3,3,M,Men,2025-05-16 11:51:20.901188
T-shirt 338,2883360.0,3.9,3,L,Women,2025-05-16 11:51:20.901684
Hoodie 339,4424800.0,4.9,3,XL,Unisex,2025-05-16 11:51:20.902151
Pants 340,5975200.0,4.3,3,XXL,Men,2025-05-16 11:51:20.902606
Jacket 342,1827680.0,4.8,3,M,Unisex,2025-05-16 11:51:22.049084
Crewneck 343,2279040.0,4.1,3,L,Men,2025-05-16 11:51:22.049521
T-shirt 344,3415680.0,4.5,3,XL,Women,2025-05-16 11:51:22.049951
Hoodie 345,7577440.0,3.3,3,XXL,Unisex,2025-05-16 11:51:22.050486
Outerwear 347,6986080.0,4.7,3,M,Women,2025-05-16 11:51:22.051388
Jacket 348,3195040.0,4.6,3,L,Unisex,2025-05-16 11:51:22.051830
Crewneck 349,6085600.0,3.5,3,XL,Men,2025-05-16 11:51:22.052307
T-shirt 350,8047680.0,5.0,3,XXL,Women,2025-05-16 11:51:22.052753
Pants 352,2838880.0,4.0,3,M,Men,2025-05-16 11:51:22.053700
Outerwear 353,961600.0,3.6,3,L,Women,2025-05-16 11:51:22.054177
Jacket 354,2294720.0,3.8,3,XL,Unisex,2025-05-16 11:51:22.054666
Crewneck 355,4246560.0,3.2,3,XXL,Men,2025-05-16 11:51:22.055107
T-shirt 356,7150080.0,4.3,3,S,Women,2025-05-16 11:51:22.055542
Hoodie 357,3739360.0,3.6,3,M,Unisex,2025-05-16 11:51:22.056025
Pants 358,8479520.0,3.9,3,L,Men,2025-05-16 11:51:22.056502
Outerwear 359,1696480.0,4.3,3,XL,Women,2025-05-16 11:51:22.057547
Jacket 360,8788320.0,4.8,3,XXL,Unisex,2025-05-16 11:51:22.058319
T-shirt 362,4776800.0,5.0,3,M,Women,2025-05-16 11:51:23.190801
Hoodie 363,1171360.0,3.2,3,L,Unisex,2025-05-16 11:51:23.191253
Pants 364,4972800.0,4.8,3,XL,Men,2025-05-16 11:51:23.191696
Outerwear 365,6956480.0,4.5,3,XXL,Women,2025-05-16 11:51:23.192161
Jacket 366,5854880.0,4.9,3,S,Unisex,2025-05-16 11:51:23.192633
Crewneck 367,8359360.000000001,4.9,3,M,Men,2025-05-16 11:51:23.193067
T-shirt 368,965120.0,3.2,3,L,Women,2025-05-16 11:51:23.193555
Hoodie 369,7204960.0,4.7,3,XL,Unisex,2025-05-16 11:51:23.194011
Pants 370,4559680.0,3.6,3,XXL,Men,2025-05-16 11:51:23.194516
Jacket 372,5052960.0,3.6,3,M,Unisex,2025-05-16 11:51:23.195397
Crewneck 373,2231040.0,3.6,3,L,Men,2025-05-16 11:51:23.195835
T-shirt 374,7697120.0,3.9,3,XL,Women,2025-05-16 11:51:23.196337
Hoodie 375,7027520.0,3.9,3,XXL,Unisex,2025-05-16 11:51:23.196806
Outerwear 377,6802080.0,4.8,3,M,Women,2025-05-16 11:51:23.197759
Jacket 378,3402400.0,3.6,3,L,Unisex,2025-05-16 11:51:23.198255
Crewneck 379,3963200.0,4.4,3,XL,Men,2025-05-16 11:51:23.198705
T-shirt 380,2547040.0,3.8,3,XXL,Women,2025-05-16 11:51:23.199145
Pants 382,1356160.0,4.4,3,M,Men,2025-05-16 11:51:24.705002
Outerwear 383,3431040.0,3.4,3,L,Women,2025-05-16 11:51:24.705575
Jacket 384,1452960.0,3.3,3,XL,Unisex,2025-05-16 11:51:24.706052
Crewneck 385,7950720.0,4.9,3,XXL,Men,2025-05-16 11:51:24.706563
T-shirt 386,4793600.0,4.6,3,S,Women,2025-05-16 11:51:24.707080
Hoodie 387,8418080.0,4.2,3,M,Unisex,2025-05-16 11:51:24.707538
Pants 388,931200.0,3.1,3,L,Men,2025-05-16 11:51:24.707979
Outerwear 389,2883200.0,5.0,3,XL,Women,2025-05-16 11:51:24.708468
Jacket 390,5432960.0,3.3,3,XXL,Unisex,2025-05-16 11:51:24.708959
T-shirt 392,1226080.0,4.4,3,M,Women,2025-05-16 11:51:24.709867
Hoodie 393,4068480.0,3.2,3,L,Unisex,2025-05-16 11:51:24.710303
Pants 394,3540000.0,3.3,3,XL,Men,2025-05-16 11:51:24.710781
Outerwear 395,3098720.0,4.0,3,XXL,Women,2025-05-16 11:51:24.711238
Jacket 396,2505280.0,3.9,3,S,Unisex,2025-05-16 11:51:24.711676
Crewneck 397,855360.0,3.6,3,M,Men,2025-05-16 11:51:24.712112
T-shirt 398,4592800.0,4.7,3,L,Women,2025-05-16 11:51:24.712586
Hoodie 399,2523520.0,3.6,3,XL,Unisex,2025-05-16 11:51:24.713075
Pants 400,6020640.0,4.7,3,XXL,Men,2025-05-16 11:51:24.713532
Jacket 402,2029120.0,4.6,3,M,Unisex,2025-05-16 11:51:25.878461
Crewneck 403,1580320.0,4.1,3,L,Men,2025-05-16 11:51:25.879114
T-shirt 404,3501120.0,4.9,3,XL,Women,2025-05-16 11:51:25.879640
Hoodie 405,5080160.0,3.8,3,XXL,Unisex,2025-05-16 11:51:25.880093
Outerwear 407,2761280.0,3.7,3,M,Women,2025-05-16 11:51:25.881104
Jacket 408,4176000.0,4.9,3,L,Unisex,2025-05-16 11:51:25.881569
Crewneck 409,3221760.0,3.5,3,XL,Men,2025-05-16 11:51:25.882015
T-shirt 410,1586720.0,3.1,3,XXL,Women,2025-05-16 11:51:25.882493
Pants 412,5438240.0,4.4,3,M,Men,2025-05-16 11:51:25.883414
Outerwear 413,1306400.0,3.4,3,L,Women,2025-05-16 11:51:25.883860
Jacket 414,2234720.0,3.7,3,XL,Unisex,2025-05-16 11:51:25.884307
Crewneck 415,3617440.0,3.1,3,XXL,Men,2025-05-16 11:51:25.884821
T-shirt 416,4454080.0,3.1,3,S,Women,2025-05-16 11:51:25.885276
Hoodie 417,2769440.0,4.6,3,M,Unisex,2025-05-16 11:51:25.885723
Pants 418,6307840.0,5.0,3,L,Men,2025-05-16 11:51:25.886182
Outerwear 419,7004000.0,5.0,3,XL,Women,2025-05-16 11:51:25.886711
Jacket 420,2472640.0,3.1,3,XXL,Unisex,2025-05-16 11:51:25.887179
T-shirt 422,924320.0,3.9,3,M,Women,2025-05-16 11:51:27.049570
Hoodie 423,4601760.0,3.7,3,L,Unisex,2025-05-16 11:51:27.050006
Pants 424,3865760.0,4.4,3,XL,Men,2025-05-16 11:51:27.050434
Outerwear 425,2528480.0,4.8,3,XXL,Women,2025-05-16 11:51:27.050862
Jacket 426,3462400.0,3.4,3,S,Unisex,2025-05-16 11:51:27.051356
Crewneck 427,6375200.0,3.3,3,M,Men,2025-05-16 11:51:27.051889
T-shirt 428,7053120.0,4.9,3,L,Women,2025-05-16 11:51:27.052335
Hoodie 429,1658560.0,4.9,3,XL,Unisex,2025-05-16 11:51:27.052766
Pants 430,1442080.0,3.9,3,XXL,Men,2025-05-16 11:51:27.053247
Jacket 432,2151840.0,4.5,3,M,Unisex,2025-05-16 11:51:27.054172
Crewneck 433,3872480.0,4.2,3,L,Men,2025-05-16 11:51:27.054603
T-shirt 434,6557120.0,4.9,3,XL,Women,2025-05-16 11:51:27.055086
Hoodie 435,1015680.0,4.0,3,XXL,Unisex,2025-05-16 11:51:27.055532
Outerwear 437,1016800.0,3.9,3,M,Women,2025-05-16 11:51:27.056405
Jacket 438,2453120.0,4.5,3,L,Unisex,2025-05-16 11:51:27.056963
Crewneck 439,4005440.0,3.2,3,XL,Men,2025-05-16 11:51:27.057406
T-shirt 440,5326080.0,3.0,3,XXL,Women,2025-05-16 11:51:27.057840
Pants 442,4701600.0,4.3,3,M,Men,2025-05-16 11:51:28.240407
Outerwear 443,7262720.0,4.2,3,L,Women,2025-05-16 11:51:28.240901
Jacket 444,4016960.0,3.3,3,XL,Unisex,2025-05-16 11:51:28.241493
Crewneck 445,3574240.0,4.5,3,XXL,Men,2025-05-16 11:51:28.241962
T-shirt 446,7740160.0,3.2,3,S,Women,2025-05-16 11:51:28.242406
Hoodie 447,4748640.0,4.0,3,M,Unisex,2025-05-16 11:51:28.242845
Pants 448,820160.0,4.4,3,L,Men,2025-05-16 11:51:28.243282
Outerwear 449,6410080.0,4.0,3,XL,Women,2025-05-16 11:51:28.243785
Jacket 450,8754880.0,3.1,3,XXL,Unisex,2025-05-16 11:51:28.244236
T-shirt 452,6892800.0,4.4,3,M,Women,2025-05-16 11:51:28.245109
Hoodie 453,6576960.0,4.2,3,L,Unisex,2025-05-16 11:51:28.245605
Pants 454,2179520.0,5.0,3,XL,Men,2025-05-16 11:51:28.246063
Outerwear 455,1094080.0,4.8,3,XXL,Women,2025-05-16 11:51:28.246567
Jacket 456,8096000.0,4.1,3,S,Unisex,2025-05-16 11:51:28.247011
Crewneck 457,7342880.0,4.8,3,M,Men,2025-05-16 11:51:28.247502
T-shirt 458,4240000.0,4.4,3,L,Women,2025-05-16 11:51:28.247989
Hoodie 459,3237280.0,3.5,3,XL,Unisex,2025-05-16 11:51:28.248433
Pants 460,1880800.0,3.6,3,XXL,Men,2025-05-16 11:51:28.248869
Jacket 462,6767840.0,4.5,3,M,Unisex,2025-05-16 11:51:29.352596
Crewneck 463,7539520.0,4.5,3,L,Men,2025-05-16 11:51:29.353113
T-shirt 464,6070080.0,4.5,3,XL,Women,2025-05-16 11:51:29.353616
Hoodie 465,6164320.0,4.7,3,XXL,Unisex,2025-05-16 11:51:29.354117
Outerwear 467,1325920.0,3.5,3,M,Women,2025-05-16 11:51:29.355114
Jacket 468,4584960.0,3.7,3,L,Unisex,2025-05-16 11:51:29.355606
Crewneck 469,1738880.0,4.2,3,XL,Men,2025-05-16 11:51:29.356101
T-shirt 470,7738880.0,3.1,3,XXL,Women,2025-05-16 11:51:29.356665
Pants 472,3902080.0,3.1,3,M,Men,2025-05-16 11:51:29.357658
Outerwear 473,5478080.0,4.2,3,L,Women,2025-05-16 11:51:29.358542
Jacket 474,5864960.0,4.7,3,XL,Unisex,2025-05-16 11:51:29.359345
Crewneck 475,7017280.0,4.6,3,XXL,Men,2025-05-16 11:51:29.359967
T-shirt 476,3986240.0,4.3,3,S,Women,2025-05-16 11:51:29.360444
Hoodie 477,6626080.0,4.2,3,M,Unisex,2025-05-16 11:51:29.360889
Pants 478,4912000.0,3.8,3,L,Men,2025-05-16 11:51:29.361337
Outerwear 479,7302400.0,4.4,3,XL,Women,2025-05-16 11:51:29.361833
Jacket 480,4986240.0,4.2,3,XXL,Unisex,2025-05-16 11:51:29.362297
T-shirt 482,3352480.0,4.8,3,M,Women,2025-05-16 11:51:30.547404
Hoodie 483,4035040.0,4.2,3,L,Unisex,2025-05-16 11:51:30.547837
Pants 484,6428640.0,4.1,3,XL,Men,2025-05-16 11:51:30.548317
Outerwear 485,4044480.0,4.7,3,XXL,Women,2025-05-16 11:51:30.548769
Jacket 486,2573760.0,3.0,3,S,Unisex,2025-05-16 11:51:30.549208
Crewneck 487,6955520.0,3.7,3,M,Men,2025-05-16 11:51:30.549648
T-shirt 488,8789760.0,3.8,3,L,Women,2025-05-16 11:51:30.550189
Hoodie 489,3554560.0,5.0,3,XL,Unisex,2025-05-16 11:51:30.550645
Pants 490,7081600.0,3.1,3,XXL,Men,2025-05-16 11:51:30.551083
Jacket 492,6011840.0,3.0,3,M,Unisex,2025-05-16 11:51:30.551983
Crewneck 493,5071520.0,4.8,3,L,Men,2025-05-16 11:51:30.552456
T-shirt 494,1390080.0,3.4,3,XL,Women,2025-05-16 11:51:30.552974
Hoodie 495,1663200.0,4.5,3,XXL,Unisex,2025-05-16 11:51:30.553424
Outerwear 497,3957760.0,4.4,3,M,Women,2025-05-16 11:51:30.554366
Jacket 498,4412800.0,4.6,3,L,Unisex,2025-05-16 11:51:30.554816
Crewneck 499,7825920.0,4.1,3,XL,Men,2025-05-16 11:51:30.555261
T-shirt 500,8114400.0,4.2,3,XXL,Women,2025-05-16 11:51:30.555693
Pants 502,7132480.0,4.4,3,M,Men,2025-05-16 11:51:31.667743
Outerwear 503,4924480.0,4.8,3,L,Women,2025-05-16 11:51:31.668230
Jacket 504,8024480.0,5.0,3,XL,Unisex,2025-05-16 11:51:31.668701
Crewneck 505,8747680.0,4.3,3,XXL,Men,2025-05-16 11:51:31.669219
T-shirt 506,8572000.0,3.6,3,S,Women,2025-05-16 11:51:31.669689
Hoodie 507,6844000.0,4.7,3,M,Unisex,2025-05-16 11:51:31.670163
Pants 508,7766080.0,3.5,3,L,Men,2025-05-16 11:51:31.670622
Outerwear 509,7178400.0,3.1,3,XL,Women,2025-05-16 11:51:31.671103
Jacket 510,1562080.0,3.4,3,XXL,Unisex,2025-05-16 11:51:31.671571
T-shirt 512,4319680.0,3.7,3,M,Women,2025-05-16 11:51:31.672532
Hoodie 513,1693760.0,4.4,3,L,Unisex,2025-05-16 11:51:31.672974
Pants 514,6888960.0,3.9,3,XL,Men,2025-05-16 11:51:31.673441
Outerwear 515,7262560.0,3.1,3,XXL,Women,2025-05-16 11:51:31.673924
Jacket 516,7130720.0,3.4,3,S,Unisex,2025-05-16 11:51:31.674400
Crewneck 517,1069280.0,3.5,3,M,Men,2025-05-16 11:51:31.674885
T-shirt 518,2575680.0,4.1,3,L,Women,2025-05-16 11:51:31.675355
Hoodie 519,2236160.0,4.5,3,XL,Unisex,2025-05-16 11:51:31.675873
Pants 520,2308320.0,3.8,3,XXL,Men,2025-05-16 11:51:31.676357
Jacket 522,6292960.0,4.0,3,M,Unisex,2025-05-16 11:51:32.806152
Crewneck 523,3626720.0,4.6,3,L,Men,2025-05-16 11:51:32.807018
T-shirt 524,936000.0,3.8,3,XL,Women,2025-05-16 11:51:32.807488
Hoodie 525,7919040.0,3.6,3,XXL,Unisex,2025-05-16 11:51:32.807925
Outerwear 527,4669280.0,3.6,3,M,Women,2025-05-16 11:51:32.808876
Jacket 528,5595840.0,4.0,3,L,Unisex,2025-05-16 11:51:32.809328
Crewneck 529,1420160.0,3.2,3,XL,Men,2025-05-16 11:51:32.809766
T-shirt 530,6173760.0,3.3,3,XXL,Women,2025-05-16 11:51:32.810244
Pants 532,8391200.0,4.1,3,M,Men,2025-05-16 11:51:32.811137
Outerwear 533,3370240.0,4.2,3,L,Women,2025-05-16 11:51:32.811566
Jacket 534,3479200.0,3.7,3,XL,Unisex,2025-05-16 11:51:32.812022
Crewneck 535,3901280.0,3.7,3,XXL,Men,2025-05-16 11:51:32.812521
T-shirt 536,5092480.0,3.0,3,S,Women,2025-05-16 11:51:32.812973
Hoodie 537,8671840.0,3.1,3,M,Unisex,2025-05-16 11:51:32.813407
Pants 538,6134240.0,3.4,3,L,Men,2025-05-16 11:51:32.813836
Outerwear 539,4692640.0,4.7,3,XL,Women,2025-05-16 11:51:32.814356
Jacket 540,7051840.0,4.4,3,XXL,Unisex,2025-05-16 11:51:32.814795
T-shirt 542,4761440.0,3.5,3,M,Women,2025-05-16 11:51:34.441336
Hoodie 543,8715680.0,4.7,3,L,Unisex,2025-05-16 11:51:34.441769
Pants 544,5957760.0,3.1,3,XL,Men,2025-05-16 11:51:34.442255
Outerwear 545,3579360.0,4.0,3,XXL,Women,2025-05-16 11:51:34.442743
Jacket 546,6271520.0,3.3,3,S,Unisex,2025-05-16 11:51:34.443194
Crewneck 547,5361120.0,3.9,3,M,Men,2025-05-16 11:51:34.443624
T-shirt 548,2686240.0,4.6,3,L,Women,2025-05-16 11:51:34.444107
Hoodie 549,2687200.0,3.7,3,XL,Unisex,2025-05-16 11:51:34.444550
Pants 550,4450080.0,4.9,3,XXL,Men,2025-05-16 11:51:34.445042
Jacket 552,5380320.0,4.1,3,M,Unisex,2025-05-16 11:51:34.445998
Crewneck 553,7760800.0,3.8,3,L,Men,2025-05-16 11:51:34.446498
T-shirt 554,4001120.0,4.5,3,XL,Women,2025-05-16 11:51:34.446974
Hoodie 555,1809600.0,3.0,3,XXL,Unisex,2025-05-16 11:51:34.447414
Outerwear 557,5460480.0,3.4,3,M,Women,2025-05-16 11:51:34.448347
Jacket 558,5007040.0,4.0,3,L,Unisex,2025-05-16 11:51:34.448784
Crewneck 559,1590880.0,3.5,3,XL,Men,2025-05-16 11:51:34.449214
T-shirt 560,6885280.0,4.2,3,XXL,Women,2025-05-16 11:51:34.449687
Pants 562,3724160.0,4.5,3,M,Men,2025-05-16 11:51:35.543648
Outerwear 563,8197440.000000001,4.7,3,L,Women,2025-05-16 11:51:35.544162
Jacket 564,8319200.000000001,4.3,3,XL,Unisex,2025-05-16 11:51:35.544626
Crewneck 565,7635200.0,3.5,3,XXL,Men,2025-05-16 11:51:35.545133
T-shirt 566,2611360.0,4.6,3,S,Women,2025-05-16 11:51:35.545636
Hoodie 567,4576160.0,3.2,3,M,Unisex,2025-05-16 11:51:35.546142
Pants 568,2984160.0,3.3,3,L,Men,2025-05-16 11:51:35.546669
Outerwear 569,4966880.0,4.7,3,XL,Women,2025-05-16 11:51:35.547127
Jacket 570,4000960.0,3.9,3,XXL,Unisex,2025-05-16 11:51:35.547624
T-shirt 572,4756320.0,3.2,3,M,Women,2025-05-16 11:51:35.548609
Hoodie 573,6954080.0,4.5,3,L,Unisex,2025-05-16 11:51:35.549049
Pants 574,2424000.0,3.8,3,XL,Men,2025-05-16 11:51:35.549486
Outerwear 575,3517760.0,3.4,3,XXL,Women,2025-05-16 11:51:35.549985
Jacket 576,805600.0,3.5,3,S,Unisex,2025-05-16 11:51:35.550447
Crewneck 577,7873920.0,3.3,3,M,Men,2025-05-16 11:51:35.550903
T-shirt 578,7958880.0,4.1,3,L,Women,2025-05-16 11:51:35.551384
Hoodie 579,4428640.0,4.4,3,XL,Unisex,2025-05-16 11:51:35.551891
Pants 580,2625440.0,3.3,3,XXL,Men,2025-05-16 11:51:35.552351
Jacket 582,4112160.0,4.1,3,M,Unisex,2025-05-16 11:51:36.677472
Crewneck 583,5737760.0,4.5,3,L,Men,2025-05-16 11:51:36.677952
T-shirt 584,6964960.0,4.8,3,XL,Women,2025-05-16 11:51:36.678413
Hoodie 585,6186880.0,4.9,3,XXL,Unisex,2025-05-16 11:51:36.678880
Outerwear 587,4424960.0,4.4,3,M,Women,2025-05-16 11:51:36.679794
Jacket 588,4963040.0,4.7,3,L,Unisex,2025-05-16 11:51:36.680244
Crewneck 589,931840.0,4.7,3,XL,Men,2025-05-16 11:51:36.680731
T-shirt 590,6457120.0,3.9,3,XXL,Women,2025-05-16 11:51:36.681166
Pants 592,6805440.0,4.3,3,M,Men,2025-05-16 11:51:36.682037
Outerwear 593,7163840.0,3.9,3,L,Women,2025-05-16 11:51:36.682512
Jacket 594,8707680.0,4.2,3,XL,Unisex,2025-05-16 11:51:36.682999
Crewneck 595,3723840.0,3.5,3,XXL,Men,2025-05-16 11:51:36.683429
T-shirt 596,8290400.0,4.4,3,S,Women,2025-05-16 11:51:36.683861
Hoodie 597,7969440.0,3.3,3,M,Unisex,2025-05-16 11:51:36.684343
Pants 598,4714080.0,4.1,3,L,Men,2025-05-16 11:51:36.684795
Outerwear 599,1179040.0,3.3,3,XL,Women,2025-05-16 11:51:36.685228
Jacket 600,6414080.0,3.0,3,XXL,Unisex,2025-05-16 11:51:36.685660
T-shirt 602,2260960.0,4.4,3,M,Women,2025-05-16 11:51:37.816662
Hoodie 603,7511520.0,3.1,3,L,Unisex,2025-05-16 11:51:37.817191
Pants 604,7662240.0,4.3,3,XL,Men,2025-05-16 11:51:37.817646
Outerwear 605,1710720.0,3.7,3,XXL,Women,2025-05-16 11:51:37.818081
Jacket 606,5770720.0,4.6,3,S,Unisex,2025-05-16 11:51:37.818658
Crewneck 607,3857600.0,3.1,3,M,Men,2025-05-16 11:51:37.819424
T-shirt 608,7047840.0,4.6,3,L,Women,2025-05-16 11:51:37.820098
Hoodie 609,2956320.0,4.1,3,XL,Unisex,2025-05-16 11:51:37.820617
Pants 610,4515360.0,3.3,3,XXL,Men,2025-05-16 11:51:37.821057
Jacket 612,3202720.0,3.1,3,M,Unisex,2025-05-16 11:51:37.821987
Crewneck 613,1013920.0,3.6,3,L,Men,2025-05-16 11:51:37.822487
T-shirt 614,2428160.0,3.1,3,XL,Women,2025-05-16 11:51:37.822944
Hoodie 615,4798720.0,4.8,3,XXL,Unisex,2025-05-16 11:51:37.823381
Outerwear 617,1765920.0,4.3,3,M,Women,2025-05-16 11:51:37.824300
Jacket 618,6474080.0,3.3,3,L,Unisex,2025-05-16 11:51:37.824746
Crewneck 619,8340639.999999999,4.4,3,XL,Men,2025-05-16 11:51:37.825181
T-shirt 620,2270240.0,3.3,3,XXL,Women,2025-05-16 11:51:37.825610
Pants 622,4849600.0,3.5,3,M,Men,2025-05-16 11:51:38.988091
Outerwear 623,7299520.0,4.6,3,L,Women,2025-05-16 11:51:38.988531
Jacket 624,6943200.0,3.9,3,XL,Unisex,2025-05-16 11:51:38.988964
Crewneck 625,7826400.0,4.1,3,XXL,Men,2025-05-16 11:51:38.989445
T-shirt 626,7777440.0,4.5,3,S,Women,2025-05-16 11:51:38.989916
Hoodie 627,1232320.0,3.2,3,M,Unisex,2025-05-16 11:51:38.990359
Pants 628,8113120.0,4.3,3,L,Men,2025-05-16 11:51:38.990907
Outerwear 629,3997920.0,4.4,3,XL,Women,2025-05-16 11:51:38.991526
Jacket 630,1003680.0,3.8,3,XXL,Unisex,2025-05-16 11:51:38.992156
T-shirt 632,4314240.0,3.6,3,M,Women,2025-05-16 11:51:38.993373
Hoodie 633,3128000.0,3.1,3,L,Unisex,2025-05-16 11:51:38.993864
Pants 634,8535680.0,3.9,3,XL,Men,2025-05-16 11:51:38.994312
Outerwear 635,6897120.0,4.1,3,XXL,Women,2025-05-16 11:51:38.994750
Jacket 636,3476320.0,4.5,3,S,Unisex,2025-05-16 11:51:38.995329
Crewneck 637,6030240.0,4.0,3,M,Men,2025-05-16 11:51:38.995788
T-shirt 638,5220960.0,4.6,3,L,Women,2025-05-16 11:51:38.996236
Hoodie 639,6782720.0,4.7,3,XL,Unisex,2025-05-16 11:51:38.996761
Pants 640,3038560.0,3.8,3,XXL,Men,2025-05-16 11:51:38.997303
Jacket 642,7747360.0,4.7,3,M,Unisex,2025-05-16 11:51:40.117739
Crewneck 643,6116000.0,3.2,3,L,Men,2025-05-16 11:51:40.118209
T-shirt 644,7479360.0,4.2,3,XL,Women,2025-05-16 11:51:40.118645
Hoodie 645,3285440.0,3.3,3,XXL,Unisex,2025-05-16 11:51:40.119080
Outerwear 647,4304960.0,3.8,3,M,Women,2025-05-16 11:51:40.120453
Jacket 648,8699520.0,4.5,3,L,Unisex,2025-05-16 11:51:40.120909
Crewneck 649,8588160.0,3.2,3,XL,Men,2025-05-16 11:51:40.121424
T-shirt 650,8012800.0,3.4,3,XXL,Women,2025-05-16 11:51:40.121873
Pants 652,6084960.0,3.3,3,M,Men,2025-05-16 11:51:40.122808
Outerwear 653,2622080.0,4.0,3,L,Women,2025-05-16 11:51:40.123324
Jacket 654,4089440.0,4.7,3,XL,Unisex,2025-05-16 11:51:40.123788
Crewneck 655,1834240.0,4.1,3,XXL,Men,2025-05-16 11:51:40.124234
T-shirt 656,2538720.0,4.2,3,S,Women,2025-05-16 11:51:40.124673
Hoodie 657,8459040.0,4.8,3,M,Unisex,2025-05-16 11:51:40.125182
Pants 658,6268320.0,3.8,3,L,Men,2025-05-16 11:51:40.125713
Outerwear 659,1817920.0,3.3,3,XL,Women,2025-05-16 11:51:40.126190
Jacket 660,8715200.0,3.5,3,XXL,Unisex,2025-05-16 11:51:40.126647
T-shirt 662,1422720.0,4.5,3,M,Women,2025-05-16 11:51:41.285228
Hoodie 663,7087200.0,4.0,3,L,Unisex,2025-05-16 11:51:41.285752
Pants 664,8248639.999999999,3.5,3,XL,Men,2025-05-16 11:51:41.286215
Outerwear 665,4033600.0,3.2,3,XXL,Women,2025-05-16 11:51:41.286718
Jacket 666,4844000.0,3.9,3,S,Unisex,2025-05-16 11:51:41.287297
Crewneck 667,1756640.0,3.7,3,M,Men,2025-05-16 11:51:41.287829
T-shirt 668,5044640.0,3.7,3,L,Women,2025-05-16 11:51:41.288283
Hoodie 669,2346080.0,3.3,3,XL,Unisex,2025-05-16 11:51:41.288719
Pants 670,8406720.0,4.8,3,XXL,Men,2025-05-16 11:51:41.289153
Jacket 672,4776160.0,4.5,3,M,Unisex,2025-05-16 11:51:41.290105
Crewneck 673,2803360.0,4.7,3,L,Men,2025-05-16 11:51:41.290586
T-shirt 674,3156640.0,3.1,3,XL,Women,2025-05-16 11:51:41.291057
Hoodie 675,4314880.0,3.2,3,XXL,Unisex,2025-05-16 11:51:41.291556
Outerwear 677,4657440.0,3.3,3,M,Women,2025-05-16 11:51:41.292513
Jacket 678,2777120.0,4.3,3,L,Unisex,2025-05-16 11:51:41.292953
Crewneck 679,6373120.0,3.2,3,XL,Men,2025-05-16 11:51:41.293447
T-shirt 680,8164800.0,3.2,3,XXL,Women,2025-05-16 11:51:41.293911
Pants 682,7616480.0,3.9,3,M,Men,2025-05-16 11:51:42.401685
Outerwear 683,3907360.0,3.6,3,L,Women,2025-05-16 11:51:42.402140
Jacket 684,7102560.0,3.5,3,XL,Unisex,2025-05-16 11:51:42.402575
Crewneck 685,1495840.0,4.6,3,XXL,Men,2025-05-16 11:51:42.403004
T-shirt 686,5381760.0,3.8,3,S,Women,2025-05-16 11:51:42.403480
Hoodie 687,4220800.0,4.7,3,M,Unisex,2025-05-16 11:51:42.403935
Pants 688,1487520.0,4.4,3,L,Men,2025-05-16 11:51:42.404371
Outerwear 689,1939040.0,4.6,3,XL,Women,2025-05-16 11:51:42.404806
Jacket 690,8782560.0,4.7,3,XXL,Unisex,2025-05-16 11:51:42.405289
T-shirt 692,1416480.0,4.1,3,M,Women,2025-05-16 11:51:42.406193
Hoodie 693,3031680.0,4.1,3,L,Unisex,2025-05-16 11:51:42.406660
Pants 694,2466720.0,3.4,3,XL,Men,2025-05-16 11:51:42.407121
Outerwear 695,959360.0,3.3,3,XXL,Women,2025-05-16 11:51:42.407731
Jacket 696,5146240.0,4.2,3,S,Unisex,2025-05-16 11:51:42.408251
Crewneck 697,6545120.0,5.0,3,M,Men,2025-05-16 11:51:42.408715
T-shirt 698,2444960.0,4.1,3,L,Women,2025-05-16 11:51:42.409213
Hoodie 699,5250240.0,4.5,3,XL,Unisex,2025-05-16 11:51:42.409688
Pants 700,3526560.0,4.3,3,XXL,Men,2025-05-16 11:51:42.410143
Jacket 702,4927680.0,4.3,3,M,Unisex,2025-05-16 11:51:43.582637
Crewneck 703,2949120.0,4.2,3,L,Men,2025-05-16 11:51:43.583128
T-shirt 704,6214240.0,4.1,3,XL,Women,2025-05-16 11:51:43.583592
Hoodie 705,3042880.0,3.1,3,XXL,Unisex,2025-05-16 11:51:43.584038
Outerwear 707,7746240.0,4.4,3,M,Women,2025-05-16 11:51:43.584954
Jacket 708,8541280.0,4.3,3,L,Unisex,2025-05-16 11:51:43.585427
Crewneck 709,7022400.0,3.9,3,XL,Men,2025-05-16 11:51:43.585866
T-shirt 710,3751520.0,3.2,3,XXL,Women,2025-05-16 11:51:43.586485
Pants 712,1510400.0,4.1,3,M,Men,2025-05-16 11:51:43.587960
Outerwear 713,3142880.0,4.4,3,L,Women,2025-05-16 11:51:43.588479
Jacket 714,892320.0,3.1,3,XL,Unisex,2025-05-16 11:51:43.588931
Crewneck 715,7021760.0,3.9,3,XXL,Men,2025-05-16 11:51:43.589384
T-shirt 716,3602560.0,4.9,3,S,Women,2025-05-16 11:51:43.589865
Hoodie 717,1532800.0,3.6,3,M,Unisex,2025-05-16 11:51:43.590329
Pants 718,4057120.0,3.2,3,L,Men,2025-05-16 11:51:43.590782
Outerwear 719,3172960.0,4.7,3,XL,Women,2025-05-16 11:51:43.591230
Jacket 720,2028320.0,3.8,3,XXL,Unisex,2025-05-16 11:51:43.591702
T-shirt 722,8724320.0,3.2,3,M,Women,2025-05-16 11:51:44.789880
Hoodie 723,5664800.0,3.4,3,L,Unisex,2025-05-16 11:51:44.790388
Pants 724,4824800.0,4.7,3,XL,Men,2025-05-16 11:51:44.790856
Outerwear 725,4979200.0,3.0,3,XXL,Women,2025-05-16 11:51:44.791352
Jacket 726,6345920.0,3.5,3,S,Unisex,2025-05-16 11:51:44.791809
Crewneck 727,4024000.0,4.8,3,M,Men,2025-05-16 11:51:44.792246
T-shirt 728,8173440.0,3.0,3,L,Women,2025-05-16 11:51:44.792683
Hoodie 729,6431360.0,3.6,3,XL,Unisex,2025-05-16 11:51:44.793166
Pants 730,7228800.0,4.5,3,XXL,Men,2025-05-16 11:51:44.793633
Jacket 732,6597600.0,3.9,3,M,Unisex,2025-05-16 11:51:44.794583
Crewneck 733,1162880.0,4.7,3,L,Men,2025-05-16 11:51:44.795202
T-shirt 734,6858560.0,4.2,3,XL,Women,2025-05-16 11:51:44.795820
Hoodie 735,4664320.0,4.0,3,XXL,Unisex,2025-05-16 11:51:44.796336
Outerwear 737,1015680.0,4.7,3,M,Women,2025-05-16 11:51:44.797388
Jacket 738,1893920.0,3.7,3,L,Unisex,2025-05-16 11:51:44.797834
Crewneck 739,8072960.0,3.3,3,XL,Men,2025-05-16 11:51:44.798276
T-shirt 740,7016640.0,3.4,3,XXL,Women,2025-05-16 11:51:44.798722
Pants 742,5626080.0,3.6,3,M,Men,2025-05-16 11:51:45.945196
Outerwear 743,5678080.0,3.0,3,L,Women,2025-05-16 11:51:45.945636
Jacket 744,5175680.0,4.1,3,XL,Unisex,2025-05-16 11:51:45.946084
Crewneck 745,2882560.0,3.8,3,XXL,Men,2025-05-16 11:51:45.946694
T-shirt 746,1517440.0,5.0,3,S,Women,2025-05-16 11:51:45.947170
Hoodie 747,6326880.0,4.7,3,M,Unisex,2025-05-16 11:51:45.947618
Pants 748,3134080.0,3.7,3,L,Men,2025-05-16 11:51:45.948059
Outerwear 749,2627360.0,3.2,3,XL,Women,2025-05-16 11:51:45.948551
Jacket 750,1030400.0000000001,3.7,3,XXL,Unisex,2025-05-16 11:51:45.949015
T-shirt 752,7431520.0,3.8,3,M,Women,2025-05-16 11:51:45.950034
Hoodie 753,8137600.0,4.8,3,L,Unisex,2025-05-16 11:51:45.950540
Pants 754,7229760.0,3.1,3,XL,Men,2025-05-16 11:51:45.951007
Outerwear 755,6910400.0,4.6,3,XXL,Women,2025-05-16 11:51:45.951457
Jacket 756,7128000.0,3.1,3,S,Unisex,2025-05-16 11:51:45.951910
Crewneck 757,7582720.0,4.4,3,M,Men,2025-05-16 11:51:45.952414
T-shirt 758,6025920.0,3.1,3,L,Women,2025-05-16 11:51:45.952886
Hoodie 759,2779840.0,4.7,3,XL,Unisex,2025-05-16 11:51:45.953336
Pants 760,2191040.0,4.1,3,XXL,Men,2025-05-16 11:51:45.953783
Jacket 762,4091840.0,4.9,3,M,Unisex,2025-05-16 11:51:47.061633
Crewneck 763,5792640.0,3.9,3,L,Men,2025-05-16 11:51:47.062085
T-shirt 764,7211680.0,3.4,3,XL,Women,2025-05-16 11:51:47.062581
Hoodie 765,1343360.0,4.9,3,XXL,Unisex,2025-05-16 11:51:47.063043
Outerwear 767,4152800.0,4.5,3,M,Women,2025-05-16 11:51:47.063933
Jacket 768,5662080.0,4.9,3,L,Unisex,2025-05-16 11:51:47.064419
Crewneck 769,6294560.0,3.3,3,XL,Men,2025-05-16 11:51:47.064876
T-shirt 770,1655040.0,3.5,3,XXL,Women,2025-05-16 11:51:47.065372
Pants 772,8748160.0,3.4,3,M,Men,2025-05-16 11:51:47.066351
Outerwear 773,3393600.0,3.2,3,L,Women,2025-05-16 11:51:47.066826
Jacket 774,1485760.0,4.1,3,XL,Unisex,2025-05-16 11:51:47.067269
Crewneck 775,8189440.0,3.1,3,XXL,Men,2025-05-16 11:51:47.067706
T-shirt 776,5333120.0,3.7,3,S,Women,2025-05-16 11:51:47.068216
Hoodie 777,6104800.0,3.4,3,M,Unisex,2025-05-16 11:51:47.068682
Pants 778,6034720.0,4.2,3,L,Men,2025-05-16 11:51:47.069126
Outerwear 779,5816480.0,3.2,3,XL,Women,2025-05-16 11:51:47.069566
Jacket 780,2767520.0,3.4,3,XXL,Unisex,2025-05-16 11:51:47.070038
T-shirt 782,4117439.9999999995,4.5,3,M,Women,2025-05-16 11:51:48.696196
Hoodie 783,2510720.0,3.0,3,L,Unisex,2025-05-16 11:51:48.696749
Pants 784,5341280.0,3.0,3,XL,Men,2025-05-16 11:51:48.697258
Outerwear 785,6444480.0,4.3,3,XXL,Women,2025-05-16 11:51:48.697698
Jacket 786,6749280.0,5.0,3,S,Unisex,2025-05-16 11:51:48.698133
Crewneck 787,4593600.0,4.7,3,M,Men,2025-05-16 11:51:48.698623
T-shirt 788,3041120.0,4.7,3,L,Women,2025-05-16 11:51:48.699182
Hoodie 789,2153280.0,4.0,3,XL,Unisex,2025-05-16 11:51:48.699643
Pants 790,1708320.0,3.2,3,XXL,Men,2025-05-16 11:51:48.700092
Jacket 792,4068960.0,3.8,3,M,Unisex,2025-05-16 11:51:48.701077
Crewneck 793,8650080.0,4.0,3,L,Men,2025-05-16 11:51:48.701513
T-shirt 794,5983040.0,4.0,3,XL,Women,2025-05-16 11:51:48.701944
Hoodie 795,4209600.0,3.9,3,XXL,Unisex,2025-05-16 11:51:48.702417
Outerwear 797,2771360.0,4.9,3,M,Women,2025-05-16 11:51:48.703330
Jacket 798,4391040.0,3.4,3,L,Unisex,2025-05-16 11:51:48.703764
Crewneck 799,4048800.0,4.2,3,XL,Men,2025-05-16 11:51:48.704217
T-shirt 800,7433280.0,4.6,3,XXL,Women,2025-05-16 11:51:48.704696
Pants 802,5710240.0,4.4,3,M,Men,2025-05-16 11:51:51.369464
Outerwear 803,1875360.0,4.3,3,L,Women,2025-05-16 11:51:51.369960
Jacket 804,4459040.0,3.9,3,XL,Unisex,2025-05-16 11:51:51.370433
Crewneck 805,3266720.0,4.8,3,XXL,Men,2025-05-16 11:51:51.370923
T-shirt 806,7310560.0,3.0,3,S,Women,2025-05-16 11:51:51.371376
Hoodie 807,5016000.0,4.7,3,M,Unisex,2025-05-16 11:51:51.371872
Pants 808,8717760.0,3.2,3,L,Men,2025-05-16 11:51:51.372388
Outerwear 809,7162560.0,3.7,3,XL,Women,2025-05-16 11:51:51.372912
Jacket 810,3796640.0,4.8,3,XXL,Unisex,2025-05-16 11:51:51.373368
T-shirt 812,6406080.0,4.2,3,M,Women,2025-05-16 11:51:51.374313
Hoodie 813,4872800.0,5.0,3,L,Unisex,2025-05-16 11:51:51.374810
Pants 814,1110080.0,4.7,3,XL,Men,2025-05-16 11:51:51.375269
Outerwear 815,5985440.0,4.8,3,XXL,Women,2025-05-16 11:51:51.375887
Jacket 816,1649120.0,4.5,3,S,Unisex,2025-05-16 11:51:51.376377
Crewneck 817,8744160.0,4.4,3,M,Men,2025-05-16 11:51:51.376854
T-shirt 818,5160320.0,3.8,3,L,Women,2025-05-16 11:51:51.377333
Hoodie 819,4742400.0,4.7,3,XL,Unisex,2025-05-16 11:51:51.377844
Pants 820,6030720.0,3.4,3,XXL,Men,2025-05-16 11:51:51.378323
Jacket 822,838240.0,4.2,3,M,Unisex,2025-05-16 11:51:52.504658
Crewneck 823,6103520.0,4.7,3,L,Men,2025-05-16 11:51:52.505124
T-shirt 824,3301440.0,4.1,3,XL,Women,2025-05-16 11:51:52.505564
Hoodie 825,1058400.0,3.8,3,XXL,Unisex,2025-05-16 11:51:52.505995
Outerwear 827,7091040.0,4.8,3,M,Women,2025-05-16 11:51:52.507007
Jacket 828,2324000.0,4.6,3,L,Unisex,2025-05-16 11:51:52.507462
Crewneck 829,4630400.0,4.4,3,XL,Men,2025-05-16 11:51:52.507905
T-shirt 830,4496480.0,3.0,3,XXL,Women,2025-05-16 11:51:52.508382
Pants 832,3955360.0,4.6,3,M,Men,2025-05-16 11:51:52.509301
Outerwear 833,7101280.0,3.0,3,L,Women,2025-05-16 11:51:52.509740
Jacket 834,7223680.0,3.1,3,XL,Unisex,2025-05-16 11:51:52.510211
Crewneck 835,7143360.0,3.9,3,XXL,Men,2025-05-16 11:51:52.510689
T-shirt 836,6065440.0,4.1,3,S,Women,2025-05-16 11:51:52.511151
Hoodie 837,5532640.0,5.0,3,M,Unisex,2025-05-16 11:51:52.511599
Pants 838,2848800.0,3.1,3,L,Men,2025-05-16 11:51:52.512047
Outerwear 839,4208320.0,3.9,3,XL,Women,2025-05-16 11:51:52.512553
Jacket 840,8164640.0,3.6,3,XXL,Unisex,2025-05-16 11:51:52.513031
T-shirt 842,2859040.0,3.3,3,M,Women,2025-05-16 11:51:53.647984
Hoodie 843,2997120.0,3.6,3,L,Unisex,2025-05-16 11:51:53.648418
Pants 844,7422880.0,3.9,3,XL,Men,2025-05-16 11:51:53.648916
Outerwear 845,2023200.0,3.2,3,XXL,Women,2025-05-16 11:51:53.649417
Jacket 846,7480480.0,3.6,3,S,Unisex,2025-05-16 11:51:53.649875
Crewneck 847,4789920.0,3.7,3,M,Men,2025-05-16 11:51:53.650318
T-shirt 848,6134240.0,4.1,3,L,Women,2025-05-16 11:51:53.650820
Hoodie 849,7816160.0,3.5,3,XL,Unisex,2025-05-16 11:51:53.651264
Pants 850,4144160.0,4.2,3,XXL,Men,2025-05-16 11:51:53.651701
Jacket 852,2777280.0,4.1,3,M,Unisex,2025-05-16 11:51:53.652634
Crewneck 853,2643840.0,3.4,3,L,Men,2025-05-16 11:51:53.653087
T-shirt 854,1600000.0,4.5,3,XL,Women,2025-05-16 11:51:53.653522
Hoodie 855,3249760.0,5.0,3,XXL,Unisex,2025-05-16 11:51:53.653955
Outerwear 857,4532800.0,3.0,3,M,Women,2025-05-16 11:51:53.654906
Jacket 858,3748640.0,3.7,3,L,Unisex,2025-05-16 11:51:53.655387
Crewneck 859,6418560.0,3.0,3,XL,Men,2025-05-16 11:51:53.655852
T-shirt 860,2419360.0,4.7,3,XXL,Women,2025-05-16 11:51:53.656340
Pants 862,4131359.9999999995,3.3,3,M,Men,2025-05-16 11:51:54.801702
Outerwear 863,1071360.0,4.0,3,L,Women,2025-05-16 11:51:54.802172
Jacket 864,2168000.0,4.5,3,XL,Unisex,2025-05-16 11:51:54.802664
Crewneck 865,6805120.0,3.9,3,XXL,Men,2025-05-16 11:51:54.803134
T-shirt 866,2399040.0,3.2,3,S,Women,2025-05-16 11:51:54.803635
Hoodie 867,1303840.0,3.3,3,M,Unisex,2025-05-16 11:51:54.804088
Pants 868,7473760.0,4.6,3,L,Men,2025-05-16 11:51:54.804520
Outerwear 869,6040320.0,4.5,3,XL,Women,2025-05-16 11:51:54.804949
Jacket 870,6395040.0,3.5,3,XXL,Unisex,2025-05-16 11:51:54.805374
T-shirt 872,1343680.0,4.3,3,M,Women,2025-05-16 11:51:54.806298
Hoodie 873,8321600.0,4.8,3,L,Unisex,2025-05-16 11:51:54.806734
Pants 874,2755200.0,4.4,3,XL,Men,2025-05-16 11:51:54.807164
Outerwear 875,2506720.0,4.6,3,XXL,Women,2025-05-16 11:51:54.807646
Jacket 876,3225760.0,4.6,3,S,Unisex,2025-05-16 11:51:54.808092
Crewneck 877,4552640.0,4.6,3,M,Men,2025-05-16 11:51:54.808559
T-shirt 878,4809760.0,4.7,3,L,Women,2025-05-16 11:51:54.809009
Hoodie 879,1026880.0000000001,3.1,3,XL,Unisex,2025-05-16 11:51:54.809490
Pants 880,6497760.0,4.3,3,XXL,Men,2025-05-16 11:51:54.809944
Jacket 882,6420960.0,3.3,3,M,Unisex,2025-05-16 11:51:55.913436
Crewneck 883,5901120.0,3.6,3,L,Men,2025-05-16 11:51:55.913891
T-shirt 884,7414720.0,4.3,3,XL,Women,2025-05-16 11:51:55.914326
Hoodie 885,4760640.0,3.4,3,XXL,Unisex,2025-05-16 11:51:55.914809
Outerwear 887,7806400.0,3.8,3,M,Women,2025-05-16 11:51:55.915773
Jacket 888,7869280.0,4.2,3,L,Unisex,2025-05-16 11:51:55.916210
Crewneck 889,6333920.0,4.6,3,XL,Men,2025-05-16 11:51:55.916644
T-shirt 890,6439040.0,4.7,3,XXL,Women,2025-05-16 11:51:55.917121
Pants 892,8515360.0,4.4,3,M,Men,2025-05-16 11:51:55.918205
Outerwear 893,2673600.0,3.2,3,L,Women,2025-05-16 11:51:55.918656
Jacket 894,2946560.0,4.8,3,XL,Unisex,2025-05-16 11:51:55.919279
Crewneck 895,1126720.0,4.3,3,XXL,Men,2025-05-16 11:51:55.919996
T-shirt 896,7873760.0,4.9,3,S,Women,2025-05-16 11:51:55.920452
Hoodie 897,6077920.0,3.1,3,M,Unisex,2025-05-16 11:51:55.920892
Pants 898,8408640.0,4.1,3,L,Men,2025-05-16 11:51:55.921325
Outerwear 899,6192960.0,4.8,3,XL,Women,2025-05-16 11:51:55.921830
Jacket 900,7214240.0,3.3,3,XXL,Unisex,2025-05-16 11:51:55.922309
T-shirt 902,3164000.0,3.6,3,M,Women,2025-05-16 11:51:57.015283
Hoodie 903,2617920.0,4.1,3,L,Unisex,2025-05-16 11:51:57.015718
Pants 904,3356320.0,3.9,3,XL,Men,2025-05-16 11:51:57.016147
Outerwear 905,5027840.0,4.9,3,XXL,Women,2025-05-16 11:51:57.016622
Jacket 906,4301760.0,3.9,3,S,Unisex,2025-05-16 11:51:57.017080
Crewneck 907,8732640.0,4.9,3,M,Men,2025-05-16 11:51:57.017563
T-shirt 908,7954880.0,4.2,3,L,Women,2025-05-16 11:51:57.018003
Hoodie 909,8383840.0,3.6,3,XL,Unisex,2025-05-16 11:51:57.018477
Pants 910,2395200.0,4.7,3,XXL,Men,2025-05-16 11:51:57.018932
Jacket 912,7853280.0,4.9,3,M,Unisex,2025-05-16 11:51:57.019827
Crewneck 913,3222240.0,3.5,3,L,Men,2025-05-16 11:51:57.020259
T-shirt 914,5799200.0,4.6,3,XL,Women,2025-05-16 11:51:57.020748
Hoodie 915,2649120.0,4.2,3,XXL,Unisex,2025-05-16 11:51:57.021187
Outerwear 917,6061600.0,4.0,3,M,Women,2025-05-16 11:51:57.022168
Jacket 918,5380800.0,3.3,3,L,Unisex,2025-05-16 11:51:57.022675
Crewneck 919,8364000.0,4.7,3,XL,Men,2025-05-16 11:51:57.023123
T-shirt 920,3706080.0,3.2,3,XXL,Women,2025-05-16 11:51:57.023564
Pants 922,1210880.0,4.4,3,M,Men,2025-05-16 11:51:58.141573
Outerwear 923,2435840.0,3.7,3,L,Women,2025-05-16 11:51:58.142012
Jacket 924,3764320.0,3.8,3,XL,Unisex,2025-05-16 11:51:58.142453
Crewneck 925,7900800.0,4.5,3,XXL,Men,2025-05-16 11:51:58.142997
T-shirt 926,1911040.0,4.6,3,S,Women,2025-05-16 11:51:58.143440
Hoodie 927,7706400.0,3.5,3,M,Unisex,2025-05-16 11:51:58.143872
Pants 928,3911680.0,3.4,3,L,Men,2025-05-16 11:51:58.144299
Outerwear 929,1253440.0,3.3,3,XL,Women,2025-05-16 11:51:58.144760
Jacket 930,1741120.0,4.9,3,XXL,Unisex,2025-05-16 11:51:58.145211
T-shirt 932,5937600.0,4.2,3,M,Women,2025-05-16 11:51:58.146085
Hoodie 933,4960800.0,3.4,3,L,Unisex,2025-05-16 11:51:58.146522
Pants 934,2248160.0,3.6,3,XL,Men,2025-05-16 11:51:58.147015
Outerwear 935,6048000.0,4.1,3,XXL,Women,2025-05-16 11:51:58.147456
Jacket 936,6165440.0,3.1,3,S,Unisex,2025-05-16 11:51:58.147916
Crewneck 937,2475360.0,4.1,3,M,Men,2025-05-16 11:51:58.148376
T-shirt 938,4058400.0,3.6,3,L,Women,2025-05-16 11:51:58.148861
Hoodie 939,4466080.0,4.8,3,XL,Unisex,2025-05-16 11:51:58.149317
Pants 940,5776000.0,3.7,3,XXL,Men,2025-05-16 11:51:58.149759
Jacket 942,7972960.0,3.0,3,M,Unisex,2025-05-16 11:51:59.353226
Crewneck 943,4571040.0,4.4,3,L,Men,2025-05-16 11:51:59.353679
T-shirt 944,1578240.0,4.6,3,XL,Women,2025-05-16 11:51:59.354581
Hoodie 945,2107680.0,4.2,3,XXL,Unisex,2025-05-16 11:51:59.355038
Outerwear 947,7079680.0,4.6,3,M,Women,2025-05-16 11:51:59.355985
Jacket 948,4600480.0,3.9,3,L,Unisex,2025-05-16 11:51:59.356434
Crewneck 949,1844320.0,4.4,3,XL,Men,2025-05-16 11:51:59.356876
T-shirt 950,7691680.0,4.9,3,XXL,Women,2025-05-16 11:51:59.357311
Pants 952,7155040.0,3.7,3,M,Men,2025-05-16 11:51:59.358295
Outerwear 953,8423200.0,3.8,3,L,Women,2025-05-16 11:51:59.358757
Jacket 954,3878720.0,4.1,3,XL,Unisex,2025-05-16 11:51:59.359191
Crewneck 955,7006560.0,4.7,3,XXL,Men,2025-05-16 11:51:59.359673
T-shirt 956,4457600.0,3.1,3,S,Women,2025-05-16 11:51:59.360127
Hoodie 957,4024320.0,4.4,3,M,Unisex,2025-05-16 11:51:59.360570
Pants 958,3946240.0,4.8,3,L,Men,2025-05-16 11:51:59.361008
Outerwear 959,6828480.0,4.6,3,XL,Women,2025-05-16 11:51:59.361495
Jacket 960,5840160.0,4.5,3,XXL,Unisex,2025-05-16 11:51:59.361953
T-shirt 962,2887840.0,4.1,3,M,Women,2025-05-16 11:52:00.961770
Hoodie 963,7916160.0,4.6,3,L,Unisex,2025-05-16 11:52:00.962241
Pants 964,3885280.0,3.3,3,XL,Men,2025-05-16 11:52:00.962736
Outerwear 965,3107200.0,4.5,3,XXL,Women,2025-05-16 11:52:00.963198
Jacket 966,8499520.0,4.9,3,S,Unisex,2025-05-16 11:52:00.963661
Crewneck 967,1744000.0,3.5,3,M,Men,2025-05-16 11:52:00.964127
T-shirt 968,4045120.0,4.4,3,L,Women,2025-05-16 11:52:00.964858
Hoodie 969,4231840.0,3.8,3,XL,Unisex,2025-05-16 11:52:00.965565
Pants 970,952960.0,4.6,3,XXL,Men,2025-05-16 11:52:00.966066
Jacket 972,7272000.0,4.4,3,M,Unisex,2025-05-16 11:52:00.967089
Crewneck 973,7134400.0,3.9,3,L,Men,2025-05-16 11:52:00.967539
T-shirt 974,4769280.0,3.0,3,XL,Women,2025-05-16 11:52:00.967976
Hoodie 975,4816000.0,3.6,3,XXL,Unisex,2025-05-16 11:52:00.968414
Outerwear 977,3356000.0,3.6,3,M,Women,2025-05-16 11:52:00.969858
Jacket 978,3918240.0,3.6,3,L,Unisex,2025-05-16 11:52:00.970322
Crewneck 979,4848480.0,3.4,3,XL,Men,2025-05-16 11:52:00.970826
T-shirt 980,6544000.0,3.1,3,XXL,Women,2025-05-16 11:52:00.971327
Pants 982,7281760.0,4.9,3,M,Men,2025-05-16 11:52:02.291482
Outerwear 983,5762560.0,3.2,3,L,Women,2025-05-16 11:52:02.291927
Jacket 984,7349440.0,3.8,3,XL,Unisex,2025-05-16 11:52:02.292419
Crewneck 985,6236000.0,4.3,3,XXL,Men,2025-05-16 11:52:02.292873
T-shirt 986,6713760.0,4.5,3,S,Women,2025-05-16 11:52:02.293304
Hoodie 987,4008000.0,4.7,3,M,Unisex,2025-05-16 11:52:02.293732
Pants 988,2054239.9999999998,3.5,3,L,Men,2025-05-16 11:52:02.294209
Outerwear 989,6869440.0,4.2,3,XL,Women,2025-05-16 11:52:02.294653
Jacket 990,3327360.0,4.2,3,XXL,Unisex,2025-05-16 11:52:02.295084
T-shirt 992,4840480.0,4.9,3,M,Women,2025-05-16 11:52:02.296306
Hoodie 993,6361920.0,3.4,3,L,Unisex,2025-05-16 11:52:02.296916
Pants 994,1693760.0,4.4,3,XL,Men,2025-05-16 11:52:02.297350
Outerwear 995,8046720.0,3.2,3,XXL,Women,2025-05-16 11:52:02.297869
Jacket 996,6942400.0,4.3,3,S,Unisex,2025-05-16 11:52:02.298337
Crewneck 997,5321280.0,3.9,3,M,Men,2025-05-16 11:52:02.298769
T-shirt 998,908000.0,4.2,3,L,Women,2025-05-16 11:52:02.299199
Hoodie 999,8534240.0,4.8,3,XL,Unisex,2025-05-16 11:52:02.299682
Pants 1000,2938240.0,4.7,3,XXL,Men,2025-05-16 11:52:02.300127
